{"cameraMode":{"drawMode":0,"name":"Shaded","section":"Shading Mode"},"sceneLighting":false,"audioPlay":false,"sceneViewState":{"showFog":true,"showMaterialUpdate":false,"showSkybox":true,"showFlares":true,"showImageEffects":true,"showParticleSystems":true},"in2DMode":false,"pivot":{"x":-13.397445678710938,"y":0.0,"z":9.999980926513672},"rotation":{"x":-0.15268591046333314,"y":0.46705061197280886,"z":-0.08224613219499588,"w":-0.8670561909675598},"size":667.4832763671875,"orthographic":false}