{"cameraMode":{"drawMode":0,"name":"Shaded","section":"Shading Mode"},"sceneLighting":true,"audioPlay":false,"sceneViewState":{"showFog":false,"showMaterialUpdate":true,"showSkybox":true,"showFlares":true,"showImageEffects":true,"showParticleSystems":true},"in2DMode":false,"pivot":{"x":114.44271850585938,"y":158.78494262695313,"z":108.92086029052735},"rotation":{"x":0.41673535108566286,"y":0.2458745390176773,"z":-0.11816485971212387,"w":0.8671300411224365},"size":31.08489990234375,"orthographic":false}